sector,company_count,average_weight,total_weight
Communication Services,2,2.785,5.57
Consumer Discretionary,14,2.5042857142857144,35.06
Consumer Staples,7,1.1028571428571428,7.72
Energy,14,2.4285714285714284,34.0
Financials,23,2.5565217391304347,58.8
Healthcare,6,1.145,6.87
Industrials,10,1.8989999999999998,18.99
Information Technology,5,2.4,12.0
Materials,9,2.1077777777777778,18.97
Real Estate,2,2.225,4.45
